{
  "_comment": "Trace du jeu de r\u00e9f\u00e9rence pattern (reference_array.npz) avant suppression du pipeline pattern.",
  "generated_from": "data/processed/reference_array.npz",
  "generation_constants": {
    "n_antennas": 80,
    "peak_gain_dbi": 47.0,
    "target_dbi": 44.0,
    "phase_slope_radial_rad_per_deg": 3.0,
    "grid_n_u": 161,
    "grid_n_v": 161,
    "sigma_bisection": {
      "lo": 0.001,
      "hi": 5.0
    },
    "scenario": {
      "name": "france",
      "sat_lon_deg": 3.0,
      "antenna_latlon": [
        46.6,
        2.5
      ],
      "zone_radius_deg": 6.0,
      "limb_margin_deg": 0.2,
      "grid_margin_deg": 0.5
    }
  },
  "grid": {
    "u_min": -6.520655678073721,
    "u_max": 6.479344321926279,
    "v_min": -4.009380168479325,
    "v_max": 8.990619831520675,
    "n_u": 161,
    "n_v": 161
  },
  "mode": "gaussian",
  "antenna_ids": [
    "ant_00",
    "ant_01",
    "ant_02",
    "ant_03",
    "ant_04",
    "ant_05",
    "ant_06",
    "ant_07",
    "ant_08",
    "ant_09",
    "ant_10",
    "ant_11",
    "ant_12",
    "ant_13",
    "ant_14",
    "ant_15",
    "ant_16",
    "ant_17",
    "ant_18",
    "ant_19",
    "ant_20",
    "ant_21",
    "ant_22",
    "ant_23",
    "ant_24",
    "ant_25",
    "ant_26",
    "ant_27",
    "ant_28",
    "ant_29",
    "ant_30",
    "ant_31",
    "ant_32",
    "ant_33",
    "ant_34",
    "ant_35",
    "ant_36",
    "ant_37",
    "ant_38",
    "ant_39",
    "ant_40",
    "ant_41",
    "ant_42",
    "ant_43",
    "ant_44",
    "ant_45",
    "ant_46",
    "ant_47",
    "ant_48",
    "ant_49",
    "ant_50",
    "ant_51",
    "ant_52",
    "ant_53",
    "ant_54",
    "ant_55",
    "ant_56",
    "ant_57",
    "ant_58",
    "ant_59",
    "ant_60",
    "ant_61",
    "ant_62",
    "ant_63",
    "ant_64",
    "ant_65",
    "ant_66",
    "ant_67",
    "ant_68",
    "ant_69",
    "ant_70",
    "ant_71",
    "ant_72",
    "ant_73",
    "ant_74",
    "ant_75",
    "ant_76",
    "ant_77",
    "ant_78",
    "ant_79"
  ],
  "centers_uv": [
    [
      -0.020656,
      2.49062
    ],
    [
      -0.659487,
      1.384132
    ],
    [
      0.618175,
      1.384132
    ],
    [
      -0.659487,
      3.597107
    ],
    [
      0.618175,
      3.597107
    ],
    [
      -1.298317,
      2.49062
    ],
    [
      1.257006,
      2.49062
    ],
    [
      -0.020656,
      4.703595
    ],
    [
      -0.020656,
      0.277645
    ],
    [
      1.895837,
      1.384132
    ],
    [
      1.895837,
      3.597107
    ],
    [
      -1.937148,
      1.384132
    ],
    [
      -1.937148,
      3.597107
    ],
    [
      -1.298317,
      4.703595
    ],
    [
      1.257006,
      4.703595
    ],
    [
      -1.298317,
      0.277645
    ],
    [
      1.257006,
      0.277645
    ],
    [
      -2.575979,
      2.49062
    ],
    [
      2.534668,
      2.49062
    ],
    [
      -0.659487,
      -0.828843
    ],
    [
      0.618175,
      -0.828843
    ],
    [
      -2.575979,
      4.703595
    ],
    [
      2.534668,
      4.703595
    ],
    [
      -0.659487,
      5.810082
    ],
    [
      0.618175,
      5.810082
    ],
    [
      -2.575979,
      0.277645
    ],
    [
      2.534668,
      0.277645
    ],
    [
      -3.21481,
      1.384132
    ],
    [
      3.173499,
      1.384132
    ],
    [
      -3.21481,
      3.597107
    ],
    [
      3.173499,
      3.597107
    ],
    [
      1.895837,
      -0.828843
    ],
    [
      1.895837,
      5.810082
    ],
    [
      -1.937148,
      -0.828843
    ],
    [
      -3.853641,
      2.49062
    ],
    [
      3.812329,
      2.49062
    ],
    [
      -1.937148,
      5.810082
    ],
    [
      -0.020656,
      -1.93533
    ],
    [
      -3.853641,
      0.277645
    ],
    [
      3.812329,
      0.277645
    ],
    [
      -3.853641,
      4.703595
    ],
    [
      3.812329,
      4.703595
    ],
    [
      -0.020656,
      6.91657
    ],
    [
      -1.298317,
      -1.93533
    ],
    [
      1.257006,
      -1.93533
    ],
    [
      -1.298317,
      6.91657
    ],
    [
      1.257006,
      6.91657
    ],
    [
      -3.21481,
      -0.828843
    ],
    [
      3.173499,
      -0.828843
    ],
    [
      -3.21481,
      5.810082
    ],
    [
      3.173499,
      5.810082
    ],
    [
      -4.492472,
      1.384132
    ],
    [
      4.45116,
      1.384132
    ],
    [
      -4.492472,
      3.597107
    ],
    [
      4.45116,
      3.597107
    ],
    [
      -2.575979,
      -1.93533
    ],
    [
      2.534668,
      -1.93533
    ],
    [
      -2.575979,
      6.91657
    ],
    [
      2.534668,
      6.91657
    ],
    [
      -5.131302,
      2.49062
    ],
    [
      5.089991,
      2.49062
    ],
    [
      -0.659487,
      -3.041818
    ],
    [
      0.618175,
      -3.041818
    ],
    [
      -0.659487,
      8.023057
    ],
    [
      0.618175,
      8.023057
    ],
    [
      -4.492472,
      -0.828843
    ],
    [
      4.45116,
      -0.828843
    ],
    [
      -4.492472,
      5.810082
    ],
    [
      4.45116,
      5.810082
    ],
    [
      -5.131302,
      4.703595
    ],
    [
      5.089991,
      4.703595
    ],
    [
      -5.131302,
      0.277645
    ],
    [
      5.089991,
      0.277645
    ],
    [
      -1.937148,
      -3.041818
    ],
    [
      1.895837,
      -3.041818
    ],
    [
      -1.937148,
      8.023057
    ],
    [
      1.895837,
      8.023057
    ],
    [
      -3.853641,
      -1.93533
    ],
    [
      3.812329,
      -1.93533
    ],
    [
      -3.853641,
      6.91657
    ]
  ],
  "sigmas_deg": [
    1.032898,
    1.032898,
    1.032898,
    1.032898,
    1.032898,
    1.032898,
    1.032898,
    1.032898,
    1.032898,
    1.032898,
    1.032898,
    1.032898,
    1.032898,
    1.032898,
    1.032898,
    1.032898,
    1.032898,
    1.032898,
    1.032898,
    1.032898,
    1.032898,
    1.032898,
    1.032898,
    1.032898,
    1.032898,
    1.032898,
    1.032898,
    1.032898,
    1.032898,
    1.032898,
    1.032898,
    1.032898,
    1.032898,
    1.032898,
    1.032898,
    1.032898,
    1.032898,
    1.032898,
    1.032898,
    1.032898,
    1.032898,
    1.032898,
    1.032898,
    1.032898,
    1.032898,
    1.032898,
    1.032898,
    1.032898,
    1.032898,
    1.032898,
    1.032898,
    1.032898,
    1.032898,
    1.032898,
    1.032898,
    1.032898,
    1.032898,
    1.032898,
    1.032898,
    1.032898,
    1.032898,
    1.032898,
    1.032898,
    1.032898,
    1.032898,
    1.032898,
    1.032898,
    1.032898,
    1.032898,
    1.032898,
    1.032898,
    1.032898,
    1.032898,
    1.032898,
    1.032898,
    1.032898,
    1.032898,
    1.032898,
    1.032898,
    1.032898
  ],
  "peaks_dbi": [
    47.0,
    47.0,
    47.0,
    47.0,
    47.0,
    47.0,
    47.0,
    47.0,
    47.0,
    47.0,
    47.0,
    47.0,
    47.0,
    47.0,
    47.0,
    47.0,
    47.0,
    47.0,
    47.0,
    47.0,
    47.0,
    47.0,
    47.0,
    47.0,
    47.0,
    47.0,
    47.0,
    47.0,
    47.0,
    47.0,
    47.0,
    47.0,
    47.0,
    47.0,
    47.0,
    47.0,
    47.0,
    47.0,
    47.0,
    47.0,
    47.0,
    47.0,
    47.0,
    47.0,
    47.0,
    47.0,
    47.0,
    47.0,
    47.0,
    47.0,
    47.0,
    47.0,
    47.0,
    47.0,
    47.0,
    47.0,
    47.0,
    47.0,
    47.0,
    47.0,
    47.0,
    47.0,
    47.0,
    47.0,
    47.0,
    47.0,
    47.0,
    47.0,
    47.0,
    47.0,
    47.0,
    47.0,
    47.0,
    47.0,
    47.0,
    47.0,
    47.0,
    47.0,
    47.0,
    47.0
  ],